date,source_url,node_count,status
2026-02-06 13:42:50,https://raw.githubusercontent.com/mahdibland/ShadowsocksAggregator/master/Eternity.txt,200,200
2026-02-06 13:42:50,https://raw.githubusercontent.com/mahdibland/SSAggregator/master/sub/airport_sub_merge.txt,61,200
2026-02-06 13:42:50,https://raw.githubusercontent.com/awesome-vpn/awesome-vpn/master/all,56,200
2026-02-06 13:42:50,https://raw.githubusercontent.com/ImMyron/V2ray/main/Telegram,150,200
2026-02-06 13:42:50,https://raw.githubusercontent.com/qjlxg/one/refs/heads/main/nodes_list.txt,605,200
2026-02-06 13:42:50,https://raw.githubusercontent.com/ShatakVPN/ConfigForge/main/configs/all.txt,1804,200
2026-02-06 13:42:50,https://raw.githubusercontent.com/peasoft/NoMoreWalls/master/list_raw.txt,151,200
2026-02-06 13:42:50,https://raw.githubusercontent.com/mahdibland/V2RayAggregator/master/sub/splitted/trojan.txt,556,200
2026-02-06 13:42:50,https://raw.githubusercontent.com/SoliSpirit/v2ray-configs/main/all_configs.txt,6629,200
2026-02-06 13:42:50,https://raw.githubusercontent.com/go4sharing/sub/main/sub.yaml,34,200
2026-02-06 13:42:50,https://raw.githubusercontent.com/qjlxg/one/refs/heads/main/latest_nodes.txt,116,200
2026-02-06 13:42:50,https://raw.githubusercontent.com/mahdibland/ShadowsocksAggregator/master/sub/splitted/ss.txt,2372,200
2026-02-06 13:42:50,https://raw.githubusercontent.com/roosterkid/openproxylist/refs/heads/main/V2RAY_RAW.txt,150,200
2026-02-06 13:42:50,https://raw.githubusercontent.com/ebrasha/free-v2ray-public-list/refs/heads/main/all_extracted_configs.txt,35247,200
2026-02-06 13:42:50,https://raw.githubusercontent.com/Roywaller/clash_subscription/main/clash_subscription.txt,0,200
2026-02-06 13:42:50,https://raw.githubusercontent.com/Q3dlaXpoaQ/V2rayN_Clash_Node_Getter/refs/heads/main/APIs/sc4.yaml,0,200
2026-02-06 13:42:50,https://raw.githubusercontent.com/firefoxmmx2/v2rayshare_subcription/main/subscription/clash_sub.yaml,22,200
2026-02-06 13:42:50,https://raw.githubusercontent.com/V2RAYCONFIGSPOOL/V2RAY_SUB/refs/heads/main/v2ray_configs.txt,0,404
2026-02-06 13:42:50,https://raw.githubusercontent.com/snakem982/proxypool/main/source/clash-meta.yaml,51,200
2026-02-06 13:42:50,https://raw.githubusercontent.com/Kwinshadow/TelegramV2rayCollector/refs/heads/main/sublinks/mix.txt,17,200
2026-02-06 13:42:50,https://raw.githubusercontent.com/Q3dlaXpoaQ/V2rayN_Clash_Node_Getter/main/APIs/sc0.yaml,102,200
2026-02-06 13:42:50,https://raw.githubusercontent.com/wuqb2i4f/xray-config-toolkit/main/output/base64/mix-uri,421,200
2026-02-06 13:42:50,https://raw.githubusercontent.com/MrMohebi/xray-proxy-grabber-telegram/master/collected-proxies/row-url/all.txt,137,200
2026-02-06 13:42:50,https://raw.githubusercontent.com/mahdibland/ShadowsocksAggregator/master/sub/sub_merge.txt,5154,200
2026-02-06 13:42:50,https://raw.githubusercontent.com/nyeinkokoaung404/V2ray-Configs/raw/refs/heads/main/All_Configs_Sub.txt,0,404
2026-02-06 13:42:50,https://raw.githubusercontent.com/mahdibland/V2RayAggregator/master/sub/splitted/vmess.txt,2153,200
2026-02-06 13:42:50,https://raw.githubusercontent.com/a2470982985/getNode/main/clash.yaml,0,200
2026-02-06 13:42:50,https://raw.githubusercontent.com/aiboboxx/clashfree/refs/heads/main/clash.yml,0,404
2026-02-06 13:42:50,https://raw.githubusercontent.com/shabane/kamaji/master/hub/merged.txt,2930,200
2026-02-06 13:42:50,https://raw.githubusercontent.com/itsyebekhe/PSG/main/subscriptions/xray/normal/mix,560,200
2026-02-06 13:42:50,https://raw.githubusercontent.com/hamedp-71/Sub_Checker_Creator/main/final.txt,809,200
2026-02-06 13:42:50,https://raw.githubusercontent.com/miladtahanian/V2RayScrapeByCountry/refs/heads/main/output_configs/Vless.txt,557,200
2026-02-06 13:42:50,https://raw.githubusercontent.com/liketolivefree/kobabi/main/sub_all.txt,1234,200
2026-02-06 13:42:50,https://raw.githubusercontent.com/miladtahanian/V2ray-Config/main/All_Configs_Sub.txt,0,404
2026-02-06 13:42:50,https://raw.githubusercontent.com/miladtahanian/V2RayScrapeByCountry/refs/heads/main/output_configs/Vmess.txt,125,200
2026-02-06 13:42:50,https://raw.githubusercontent.com/10ium/V2ray-Config/refs/heads/main/Splitted-By-Protocol/tuic.txt,3,200
2026-02-06 13:42:50,https://raw.githubusercontent.com/maimengmeng/mysub/main/valid_content_all.txt,3990,200
2026-02-06 13:42:50,https://raw.githubusercontent.com/Ruk1ng001/freeSub/main/clash.yaml,154,200
2026-02-06 13:42:50,https://raw.githubusercontent.com/245237866/v2rayn/main/everydaynode,410,200
2026-02-06 13:42:50,https://raw.githubusercontent.com/hamedcode/port-based-v2ray-configs/main/sub/vmess.txt,2788,200
2026-02-06 13:42:50,https://raw.githubusercontent.com/LoneKingCode/free-proxy-db/refs/heads/main/proxies/all.txt,0,200
2026-02-06 13:42:50,https://raw.githubusercontent.com/snakem982/proxypool/main/source/clash-meta-2.yaml,99,200
2026-02-06 13:42:50,https://raw.githubusercontent.com/F0rc3Run/F0rc3Run/refs/heads/main/Best-Results/proxies.txt,2049,200
2026-02-06 13:42:50,https://raw.githubusercontent.com/SamanGho/v2ray_collector/refs/heads/main/v2tel_links1.txt,0,404
2026-02-06 13:42:50,https://raw.githubusercontent.com/MatinGhanbari/v2ray-configs/main/subscriptions/v2ray/all_sub.txt,3998,200
2026-02-06 13:42:50,https://raw.githubusercontent.com/SamanGho/v2ray_collector/refs/heads/main/v2tel_links2.txt,0,404
2026-02-06 13:42:50,https://raw.githubusercontent.com/liMilCo/v2r/main/all_configs.txt,6783,200
2026-02-06 13:42:50,https://raw.githubusercontent.com/anaer/Sub/refs/heads/main/clash.yaml,0,200
2026-02-06 13:42:50,https://raw.githubusercontent.com/Surfboardv2ray/TGParse/refs/heads/main/configtg.txt,3648,200
2026-02-06 13:42:50,https://raw.githubusercontent.com/mfuu/v2ray/master/clash.yaml,0,200
2026-02-06 13:42:50,https://raw.githubusercontent.com/barry-far/V2ray-Config/refs/heads/main/All_Configs_Sub.txt,5785,200
2026-02-06 13:42:50,https://raw.githubusercontent.com/ripaojiedian/freenode/main/clash,14,200
2026-02-06 13:42:50,https://raw.githubusercontent.com/Firmfox/proxify/main/v2ray_configs/seperated_by_protocol/other.txt,80,200
2026-02-06 13:42:50,https://raw.githubusercontent.com/mahdibland/V2RayAggregator/refs/heads/master/sub/sub_merge.txt,5154,200
2026-02-06 13:42:50,https://raw.githubusercontent.com/SoroushImanian/BlackKnight/main/sub/mix,500,200
2026-02-06 13:42:50,https://raw.githubusercontent.com/snakem982/proxypool/main/source/v2ray.txt,0,404
2026-02-06 13:42:50,https://raw.githubusercontent.com/Firmfox/proxify/main/v2ray_configs/seperated_by_protocol/trojan.txt,771,200
2026-02-06 13:42:50,https://raw.githubusercontent.com/snakem982/proxypool/main/source/v2ray-2.txt,31,200
2026-02-06 13:42:50,https://raw.githubusercontent.com/soroushmirzaei/telegram-configs-collector/main/protocols/shadowsocks,0,404
2026-02-06 13:42:50,https://raw.githubusercontent.com/Firmfox/proxify/main/v2ray_configs/seperated_by_protocol/shadowsocks.txt,2864,200
2026-02-06 13:42:50,https://raw.githubusercontent.com/soroushmirzaei/telegram-configs-collector/main/protocols/trojan,0,404
2026-02-06 13:42:50,https://raw.githubusercontent.com/soroushmirzaei/telegram-configs-collector/main/protocols/vmess,0,404
2026-02-06 13:42:50,https://raw.githubusercontent.com/Firmfox/proxify/main/v2ray_configs/seperated_by_protocol/vmess.txt,1011,200
2026-02-06 13:42:50,https://raw.githubusercontent.com/qjlxg/aggregator/refs/heads/main/data/clash.yaml,0,200
2026-02-06 13:42:50,https://raw.githubusercontent.com/rango-cfs/NewCollector/refs/heads/main/v2ray_links.txt,86,200
2026-02-06 13:42:50,https://raw.githubusercontent.com/AB-84-AB/Free-Shadowsocks/refs/heads/main/Telegram-id-AB_841,187,200
2026-02-06 13:42:50,https://raw.githubusercontent.com/TelAB841Conf/AB_841-config-Free-X-ray/refs/heads/main/X-ray_Server-Free,70,200
2026-02-06 13:42:50,https://raw.githubusercontent.com/Created-By/Telegram-Eag1e_YT/main/%40Eag1e_YT,235,200
2026-02-06 13:42:50,https://raw.githubusercontent.com/nyeinkokoaung404/V2ray-Configs/main/Splitted-By-Protocol/vless.txt,316,200
2026-02-06 13:42:50,https://raw.githubusercontent.com/jetkai/proxy-list/main/online-proxies/txt/proxies.txt,0,200
2026-02-06 13:42:50,https://raw.githubusercontent.com/w1770946466/Auto_proxy/main/config.yaml,0,200
2026-02-06 13:42:50,https://elena.com.co/ELiV2-RAY-Sublink.txt,0,403
2026-02-06 13:42:50,https://raw.githubusercontent.com/Barabama/FreeNodes/main/nodes/yudou66.txt,173,200
2026-02-06 13:42:50,https://raw.githubusercontent.com/mfbpn/tg_mfbpn_sub/main/trial.yaml,76,200
2026-02-06 13:42:50,https://msk.vless-balancer.ru/sub/dXNlcl82Nzg4MzMxMjQ5LDE3Njk1MzUzMTkBqGm3A1STd/,58,200
2026-02-06 13:42:50,https://raw.githubusercontent.com/vpei/free-node-1/refs/heads/main/res/nod-4.txt,10491,200
2026-02-06 13:42:50,https://raw.githubusercontent.com/mohamadfg-dev/telegram-v2ray-configs-collector/main/category/ss.txt,55,200
2026-02-06 13:42:50,https://raw.githubusercontent.com/Argh94/Proxy-List/main/All_Config.txt,2341,200
2026-02-06 13:42:50,https://raw.githubusercontent.com/217CnoC/configs-collector-v2ray/refs/heads/main/sub/all_configs.txt,72912,200
2026-02-06 13:42:50,https://raw.githubusercontent.com/qjlxg/aggregator/refs/heads/main/data/520.yaml,13163,200
